name,section
Camilla Ozqcfu,B
Yifan Ignjpe,A
Ali Jjsojh,A
Hirkani Pkjcfr,D
Veda Grxlem,B
Pali Xexheh,B
Noah Tsvshg,C
James Hfjghx,C
Renee Ecjnpx,A
David Ifsvtq,B
Venya Pftkxb,C
Nikolai Ugdnwv,A
Sean Fmdbvx,B
Yanhong Ueasva,A
Rayirth Idqleh,A
Andrew Xazugm,A
Vahrun Wfmgye,D
Max Qzounn,C
Samuel Woqnjo,A
Lucas Dmljlp,B
Amora Ychvkv,B
Laksh Iymeme,B
Alan Cqwtbv,A
Giulia Kjtvvq,C
April Rlxidl,B
Sowkya Bdosve,C
Tom Zbghkw,B
Lance Nmfpjn,C
Adam Qhcfkv,A
Jayani Oxldhz,B
Elias Nfzgdh,C
Jingyun Wmygxq,D
Xiaoyue Aidneh,A
Yashmit Mhidaf,A
Andrew Ytwzqs,B
Junnian Egdfzd,B
Carlos Yxloqn,A
Aditya Fcsbsk,B
Tracy Wryevl,B
Trenton Gufbxx,C
Jinhui Ubonzl,C
Harsh Usehwa,C
Tsz Qrawsu,D
Pat Qfjghq,A
Zachary Ojimav,C
Carlyn Dlbovy,C
Pranav Othqps,D
Guadalupe Dlzxyj,A
Annie Dgejhr,C
Raynard Ypfxyd,C
Syanne Aqczkw,A
Grant Qjvtqs,A
Amne Eonvet,B
Chloe Ksjbff,B
Brian Iubnlq,C
Aryan Zoavnf,A
Nghi Fsrqbv,C
Rishab Posrix,A
Kaitlyn Neucdm,B
I-Shan Nlxusd,B
Xuanru Zhsgzp,C
Julina Oujkaa,B
Sunny Fjinam,D
Daniel Mvwxdd,B
Luca Ieqgdr,A
Vincent Dnqwix,B
Varun Trjajg,C
Yifeng Jmifvo,D
Natan Kckexf,A
Daniel Rzxpbf,B
Drin Vopisk,C
Angelina Lplsjj,B
Shuhan Ubofia,A
Jesus Dscxpp,C
Gabriel Aoohrv,C
Amrith Hozjop,B
Aayushi Xfkblo,A
Fareen Qoacya,A
Jordan Tptbrp,C
Thinh Hxvoao,A
Lele Knfeom,A
Wade Uoplzb,B
Allison Ejhhyn,D
Lauren Lovttg,B
Kaitlyn Npzkqj,B
Sophie Bxhvfw,D
Yu Aahipa,A
Victor Rsdfwg,A
Tuvshinzaya Qjhmgn,B
Kevin Flmpug,A
Erika Llhxym,C
Qinhong Savzvw,A
Prathinav Wxjdkk,D
Jaden Mgtsha,B
Kevin Ngysra,C
Jolie Bxzfgh,C
Ziyong Kutlrm,A
Man Bmrnyl,A
Ingkawat Poluoe,B
Peilin Hvdmnp,C
Shawn Fzzuxq,A
Caitlyn Mndeza,D
Brennan Hzalkv,C
Xinyi Kmbjmj,D
Kitty Qmrjny,B
Alyssa Xkrzab,A
Beckham Mwxsdo,B
Noah Rkmhax,B
Eliska Vrtssi,B
Tao Yndxqh,D
Tejal Regrrm,B
Rishika Jtoime,C
Justin Bxacah,B
Tucker Nlimsa,A
Ofek Iasqip,B
Devin Lvxvwe,B
Moch Sljsbd,A
Sasha Jkfixb,D
Harry Cywhys,D
Beatrice Ulxmwp,C
George Tlmpyn,A
Yuki Gouvip,C
Carmen Ynaebl,C
Kamran Jwbzje,C
Pransh Nvsbob,C
Kimberly Ajwksz,D
Tue Vwlwxl,C
Jaden Ibmbiv,C
Simon Mfwgdj,C
Sharvesh Ljcdzm,B
Benedict Zceaoz,C
Sean Syagji,C
Eunseok Tdvgun,C
Jason Sfnbkw,A
Ysabelle Bjwutk,B
Xinran Nriroy,A
Mayur Exrclt,C
Daniela Pftzup,B
Vinh Ubbxzo,A
Andrea Einudy,A
Lawrence Utrvgk,B
Alexander Tjiswu,D
Zhexuan Yfelrd,D
Kabir Fryhkg,A
Rayyan Gaafrp,B
Amin Qtywhn,C
Runzhi Jnqnzg,A
Ruoyan Ykhfva,A
Erin Rqqygs,A
Jayden Cnyiyu,B
Amanda Xnabqz,A
Samantha Jydoud,B
Claire Mwkiaz,B
Natalie Svjdnc,D
Jayden Lcaert,B
Lillian Fggbgp,C
Jared Ieairb,A
Timothy Lwvsjy,C
Braxten Wxzket,C
Caleb Gspplr,C
Kyunghwan Kuucms,B
Cooper Nhbtwm,C
Tina Dijxbr,A
Sourish Avmlcr,B
Eric Ylcrhe,C
Jaden Eaefxv,D
Yimu Oevghs,A
Preston Psimwl,A
Annanya Mxohgj,B
Ace Opiitq,C
Thomas Avstfv,A
Jocelyn Vnexae,A
Rita Doreib,A
Eshan Xzqnrq,A
Ansh Nlbgiu,A
Joshua Oteimu,A
Daniella Vcmkzz,C
Medha Lmdeic,A
Katie Axsgbk,B
Brian Gbitzq,B
Jane Ptuqyd,B
Ruhan Ikonhq,B
Boorchi Vddxoc,C
Somprat Xrquwe,C
Ruth Rcdcew,A
Yonatan Gufdkz,A
Abigail Ljljva,C
Ivan Fnwtpq,D
Michael Xowwhb,B
Jacqueline Lpufna,D
Laksha Qftjby,C
Emily Mcfmuz,A
Sophia Gffuso,C
Jd Ramuqc,D
Sahana Plhtql,A
Brayan Ahlmya,B
Landon Dgutir,A
Abhinav Vsicpw,B
Suvanjan Uirsvt,C
Sierra Wjdexy,C
Travis Qzhqdy,D
Sara Dlcuvo,C
Noah Nquydg,D
Dawei Yhftjz,D
Ethan Cdmvct,A
Miaofen Zgpoxb,D
Alice Xkyzvh,C
Emran Zeugex,A
Evelyn Kdcmza,C
Ethan Czkqri,C
Pingzhang Cetlqv,D
Rohan Ejlqxv,C
Aleia Uvbodx,A
Kaitlin Eqrlbh,A
Xin Lzbqbc,C
Emon Tfbopo,C
Cole Mayhkj,C
Abhishai Duroly,A
Ngo Khcejb,C
Angelina Sxdzla,C
Sruthi Yudnrb,C
Bennett Bdoyfg,A
Joyce Lcauhl,B
Leo Jyhibk,D
Andrew Hedowv,D
Andrew Uwpdum,B
William Mjsrep,D
Mantra Ijyhlo,B
Michael Mndera,A
Alam Wxjunm,B
Connie Pkgaqw,B
William Fqrypi,D
Abhinav Lwwxju,D
Atef Qxaoyd,A
Jonathan Hwseeb,A
Allen Xwauby,A
Hanit Ezatdv,B
"Yu, Narneh",B
Emiliano Fmehdw,A
Isaiah Vsoszx,C
Zichen Zqjcka,B
Tianhan Wehjad,B
Mark Hvzmnl,A
Sumanth Suhakt,C
Andy Njvgkz,A
Elisa Poxvww,D
Md Yakdbt,B
Sadeen Dhdbpb,A
Jiun-Wei Pxezvi,A
Aston Uukshd,B
Isabel Nlfnkt,A
Justin Agyaex,C
Alexander Arwakk,C
Jules Gqwnzz,C
Niko Gpiowc,D
Sungsan Xhrnlr,C
Deborah Beiruh,B
Andrew Iduhph,B
Fei Ghzyau,B
Arran Irpvpt,A
Dylan Mhfmpy,A
Gracie Lznbhc,C
Damien Hwowpm,C
Gian Plmpds,C
Zixiang Ysmodu,B
Junhong Wgxqfr,A
Yanxi Ercito,C
Abhinav Kbkrpz,A
Aprameya Sroofz,A
Charles Bdsmyz,A
Lindsay Xlrrsg,B
John Lmwuab,D
Xiaoyuan Nwfwbi,D
Nishka Qfifyz,A
Sal Lerexh,B
Devam Sgyqla,C
Samudera Kygjof,A
Saamay Txwvvj,B
Vaibhav Dscvlp,C
Suhaan Cfswrt,B
Minh Cpjhrr,C
Grayson Srjnit,A
Arjan Dfoeoy,A
Athena Newxyu,D
Ali Wccqhw,A
Joseph Wkzvug,B
Yiheng Muszey,A
Eason Qfafvz,B
Katie Htzley,A
Jedidiah Fthtsr,D
Akash Ydutsp,A
Andrew Olkgvs,D
Sophie Veksxw,B
Timothy Appxwf,B
Tong Uxjcrb,C
Cesar Jkkwyu,D
Rohan Epuofd,A
Matthew Ffiqqr,A
Yuxin Rwmsse,A
Palak Kxhoya,A
Ethan Spzixe,A
Yuv Gjiety,B
Rafael Lsoews,A
Jiaqi Tdmrga,B
Zhihan Cuwfqv,A
Nathan Mpywvp,C
Lana Ohznlv,C
Ryan Ujzmqw,C
Yaxin Jppsal,B
Junhao Kgejwh,A
Will Sxrbuz,C
Ashley Ooslth,C
Andres Mmizwq,C
Nora Bkuauz,A
Jose Nlyogf,B
James Fiefsg,C
Aditya Yuoxax,C
Christopher Gljafi,B
Rachel Zxfbmw,B
Alva Awfvxx,A
Daniel Qoxuob,B
Michael Pmqxsk,C
Sai Nbnohv,A
Joseph Iruyxy,C
Raymond Pcymlk,A
Quan Cnocuq,B
Humza Skomct,D
Flyson Qpbvyh,B
Royce Qtfsng,A
Joseph Jaqwhh,C
Daniel Hqebuc,D
Karsten Lkadvn,B
Alice Nprrih,B
Elena Ncbdhg,B
Nikhil Eqlelt,A
Ryo Vprbxs,B
Alina Gnibxn,B
Darvas Yutzhp,A
Ajay Wwnoqy,A
Youzhe Mdqmyi,B
Minh Fggyng,C
Logan Mlocum,C
Amelia Qtenit,C
Andrew Pesrlu,C
Jeremiah Hxvhda,D
Rami Vepflq,A
Michael Nuhlbd,B
Aviraj Jloxqu,B
Aarush Bosdfy,C
Trang Wflcdp,B
Linlin Dxsklw,C
Aurora Ydfesi,A
Krishna Xjuayl,C
Rakshan Giujhi,A
Justin Liccdx,C
Ashwin Rdtjfd,B
Venkata Mowwbp,B
Maria Gtcufm,A
Chu Gyswbz,C
Aiden Rtgjlm,C
Mario Fxfibc,D
Anish Nzfhnq,B
Anvi Chslet,C
Akshay Ucxkmb,B
Jorge Joctku,A
Yasmin Pwlnxu,B
Ankith Vljoid,D
Mia Yvtort,B
Terrence Qgkqks,A
Nathan Szgaqk,B
Emily Gxbmpy,C
Nicole Nvydqh,C
Yuqian Bvbuie,A
Tianle Pciqwx,C
Arjun Fgicwk,B
Tianle Yaxqos,C
Ela Tnvxij,C
Surabhi Oysheh,B
Laura Qtamnb,D
Beren Yrccum,A
Honoka Ntujvd,B
Leila Rowutm,B
Anna Qcqjso,A
Heaven Ldkhng,A
Dylan Nvscni,A
Arish Guxwlq,B
Ajinkya Giinxh,A
Rayan Kzkgnz,B
Charlie Cmltpc,A
Jieun Awqsot,C
Connor Ewmmyc,A
Vidit Ijsojc,A
Christopher Knookl,D
Jiapeng Wsnzpy,B
Ericka Dqbvom,D
Jiahao Vkkbdb,B
Vedika Hjihoc,A
Alay Omwfrr,A
Sri Bvfagk,A
Ethan Cibofj,A
Juwan Csmsga,A
Tri Oebetx,A
Oliver Grzoyu,D
Paola Tfuxvu,A
Christopher Ynkjng,B
Noah Ebjtzc,B
Zhong Bgtenp,D
Ella Jndgiw,C
Eugene Ghinym,A
Proudman Thzvxd,B
Rayaan Cygpck,A
Joseph Vdhfyo,C
Keyan Flwbuu,A
Don Qfxlyj,C
Yang Vytdyw,C
Yunjia Tivzpb,D
Nikhita Tycmug,B
Vijigisha Tcofyh,A
Xinrui Ebhibz,C
Rachit Wawzcn,B
Aiden Hirszo,B
Yuting Ekriyh,D
Letian Qyeozj,A
Bassam Vgprgj,C
Lucas Nqggkj,D
Anvitha Adublm,A
Abraham Dtpuqg,A
Patrick Dpcrhw,D
Darren Snyfdx,A
Travin Mxguae,A
Prajyna Leuixz,A
Jay Sehwhp,B
Evan Uqeurb,B
Kaden Kmkdoo,B
Abigail Ccljrz,D
Minqi Plasjl,C
Khloe Dwlvpr,D
Seven Hsstsf,A
Max Qacxgt,C
George Yveicw,C
Bruce Wfxqqa,D
Ayesha Gplyuj,A
Yanhao Jdeqms,D
Christopher Silmlg,C
David Iiacey,C
Qiyuan Iogcmw,A
Matthew Pwpgqa,C
Matthew Fphpip,C
Stephanie Rbuqov,B
Patterson Lqdhhg,A
Varshith Nfwcpn,B
Wei-Ting Imqfbr,D
Radhika Ifirup,A
Gongcheng Wbsdbc,C
Jose Ttxwrx,A
Nagasree Mavqfv,D
Dariy Ilbgva,B
Ye Cltnen,C
Lana Rfixqr,C
Akshar Acrheb,C
Alina Bpwjnt,A
Noah Adekar,B
Xuexiang Rvuone,A
Yangchen Ptslgg,C
Austin Dwzgrn,B
Elaine Ceyuiq,C
Hilary Atzklz,C
Julian Mkiynw,B
Skye Ktwbuo,A
Candice Rlxoga,C
Pavel Bwintr,B
Haoye Afdrid,C
Andrea Bhfhfu,B
Naomi Tlygcv,D
Huilin Svlyug,D
Isaac Nunxqu,A
Jiaxi Hjqxlk,A
Rei Qaiizt,A
Thaarak Suiqmz,C
Vedant Vunkna,A
Logan Xdbomp,B
Jhovany Bcddwe,B
Iris Azasio,B
Xiangguo Wdyoee,A
Barin Kgxxyx,C
Alan Gwazaa,C
Joseph Jpoelz,C
Jingyao Toblve,A
Mauricio Yfqfpp,A
An Pxidlp,B
Dora Uutxls,B
Qiankang Tzjsbb,D
Kim Wxnmuh,C
Jazmine Sxcvft,C
